ACTION;TABLE;MANDT;AGR_NAME;OBJECT;AUTH;FIELD;LOW
replace_list;AGR_1251;130;YH_MM_WAREHOUSE_SUPV_97;F_KNKK_BED;T-BD09093900;BRGRU;EMEA|NA|SHAR
replace_list;AGR_1251;130;YH_MM_WAREHOUSE_SUPV_97;F_LFA1_BEK;T-BD09093900;BRGRU;EMEA|NA|SHAR
replace_list;AGR_1251;130;ZH_FI_CUSTOMER_DISP_97;F_BKPF_BED;T-BD09093200;BRGRU;EMEA|NA|SHAR
replace_list;AGR_1251;130;ZH_FI_CUSTOMER_DISP_97;F_KNA1_BED;T-BD09093200;BRGRU;EMEA|NA|SHAR
replace_list;AGR_1251;130;ZH_FI_CUSTOMER_DISP_97;F_KNA1_BED;T-BD09093201;BRGRU;EMEA|NA|SHAR
replace_list;AGR_1251;130;ZH_FI_DISPLAY_97;F_BKPF_BED;T-BD09091200;BRGRU;EMEA|NA|SHAR
replace_list;AGR_1251;130;ZH_FI_DISPLAY_97;F_LFA1_BEK;T-BD09091200;BRGRU;EMEA|NA|SHAR
replace_list;AGR_1251;130;ZH_FI_DISPLAY_R2R_97;F_BKPF_BED;T-BD09091300;BRGRU;EMEA|NA|SHAR
replace_list;AGR_1251;130;ZH_FI_DISPLAY_R2R_97;F_KNA1_BED;T-BD09091300;BRGRU;EMEA|NA|SHAR
replace_list;AGR_1251;130;ZH_FI_DISPLAY_R2R_97;F_LFA1_BEK;T-BD09091300;BRGRU;EMEA|NA|SHAR
replace_list;AGR_1251;130;ZH_FI_DISPLAY_R2R_97;F_LFA1_BEK;T-BD09091301;BRGRU;EMEA|NA|SHAR
replace_list;AGR_1251;130;ZH_GE_QUERY_RUN_97;F_LFA1_BEK;T-BD09094800;BRGRU;EMEA|NA|SHAR
replace_list;AGR_1251;130;ZH_GR_ORDERS_DATA_97;F_LFA1_BEK;T-BD09095000;BRGRU;EMEA|NA|SHAR
replace_list;AGR_1251;130;ZH_MM_DISPLAY_97;F_BKPF_BED;T-BD09091800;BRGRU;EMEA|NA|SHAR
replace_list;AGR_1251;130;ZH_MM_DISPLAY_97;F_KNA1_BED;T-BD09091800;BRGRU;EMEA|NA|SHAR
replace_list;AGR_1251;130;ZH_MM_DISPLAY_97;F_LFA1_BEK;T-BD09091800;BRGRU;EMEA|NA|SHAR
replace_list;AGR_1251;130;ZH_MM_DISPLAY_97;F_LFA1_BEK;T-BD09091801;BRGRU;EMEA|NA|SHAR
replace_list;AGR_1251;130;ZH_SD_BILLING_DOCUMENT_DISP_97;F_KNA1_BED;T-BD09092700;BRGRU;EMEA|NA|SHAR
replace_list;AGR_1251;130;ZH_SD_CREDIT_INFO_DISP_97;F_BKPF_BED;T-BD09095700;BRGRU;EMEA|NA|SHAR
replace_list;AGR_1251;130;ZH_SD_CREDIT_INFO_DISP_97;F_KNA1_BED;T-BD09095700;BRGRU;EMEA|NA|SHAR
replace_list;AGR_1251;130;ZH_SD_CREDIT_INFO_DISP_97;F_KNKK_BED;T-BD09095700;BRGRU;EMEA|NA|SHAR
replace_list;AGR_1251;130;ZH_SD_CREDIT_INFO_DISP_97;F_KNKK_BED;T-BD09095701;BRGRU;EMEA|NA|SHAR
replace_list;AGR_1251;130;ZH_SD_CUSTOMER_MASTER_DISP_97;F_KNA1_BED;T-BD09092800;BRGRU;EMEA|NA|SHAR
replace_list;AGR_1251;130;ZH_SD_CUSTOMER_MASTER_DISP_97;F_KNA1_BED;T-BD09092801;BRGRU;EMEA|NA|SHAR
replace_list;AGR_1251;130;YH_MM_WAREHOUSE_SUPV_97;I_KOSTL;T-BD09093900;KOSTL;0000001000|0001*|0002*|0003*|001*|003*|1000|1000_*|102*|103*|104*|105*|106*|107*|2*|3*|5*|9*
replace_list;AGR_1251;130;ZH_CO_DISPLAY_97;K_REPO_CCA;T-BD09091100;KOSTL;0000001000|0001*|0002*|0003*|001*|003*|1000|1000_*|102*|103*|104*|105*|106*|107*|2*|3*|5*|9*
replace_list;AGR_1251;130;ZH_CO_DISPLAY_97;K_CSKS;T-BD09091100;KOSTL;0000001000|0001*|0002*|0003*|001*|003*|1000|1000_*|102*|103*|104*|105*|106*|107*|2*|3*|5*|9*
replace_list;AGR_1251;130;ZH_CO_DISPLAY_97;K_REPO_CCA;T-BD09091101;KOSTL;0000001000|0001*|0002*|0003*|001*|003*|1000|1000_*|102*|103*|104*|105*|106*|107*|2*|3*|5*|9*
replace_list;AGR_1251;130;ZH_FI_DISPLAY_97;K_CSKS_PLA;T-BD09091200;KOSTL;0000001000|0001*|0002*|0003*|001*|003*|1000|1000_*|102*|103*|104*|105*|106*|107*|2*|3*|5*|9*
replace_list;AGR_1251;130;ZH_FI_DISPLAY_97;K_CSKS;T-BD09091200;KOSTL;0000001000|0001*|0002*|0003*|001*|003*|1000|1000_*|102*|103*|104*|105*|106*|107*|2*|3*|5*|9*
replace_list;AGR_1251;130;ZH_FI_DISPLAY_97;A_S_KOSTL;T-BD09091200;KOSTL;0000001000|0001*|0002*|0003*|001*|003*|1000|1000_*|102*|103*|104*|105*|106*|107*|2*|3*|5*|9*
replace_list;AGR_1251;130;ZH_FI_DISPLAY_97;K_REPO_CCA;T-BD09091201;KOSTL;0000001000|0001*|0002*|0003*|001*|003*|1000|1000_*|102*|103*|104*|105*|106*|107*|2*|3*|5*|9*
replace_list;AGR_1251;130;ZH_FI_DISPLAY_97;K_REPO_CCA;T-BD09091200;KOSTL;0000001000|0001*|0002*|0003*|001*|003*|1000|1000_*|102*|103*|104*|105*|106*|107*|2*|3*|5*|9*
replace_list;AGR_1251;130;ZH_FI_DISPLAY_97;K_CSKS;T-BD09091201;KOSTL;0000001000|0001*|0002*|0003*|001*|003*|1000|1000_*|102*|103*|104*|105*|106*|107*|2*|3*|5*|9*
replace_list;AGR_1251;130;ZH_PM_DISPLAY_97;I_KOSTL;T-BD09092100;KOSTL;0000001000|0001*|0002*|0003*|001*|003*|1000|1000_*|102*|103*|104*|105*|106*|107*|2*|3*|5*|9*
replace_list;AGR_1251;130;ZH_PM_DISPLAY_97;I_KOSTL;T-BD09092101;KOSTL;0000001000|0001*|0002*|0003*|001*|003*|1000|1000_*|102*|103*|104*|105*|106*|107*|2*|3*|5*|9*
replace_list;AGR_1251;130;ZH_PM_MASTER_DATA_MAINT_97;I_KOSTL;T-BD09092200;KOSTL;0000001000|0001*|0002*|0003*|001*|003*|1000|1000_*|102*|103*|104*|105*|106*|107*|2*|3*|5*|9*
replace_list;AGR_1251;130;ZH_PM_MASTER_DATA_MAINT_97;I_KOSTL;T-BD09092201;KOSTL;0000001000|0001*|0002*|0003*|001*|003*|1000|1000_*|102*|103*|104*|105*|106*|107*|2*|3*|5*|9*
replace_list;AGR_1251;130;ZH_PM_NOTIFICATIONS_97;I_KOSTL;T-BD09094400;KOSTL;0000001000|0001*|0002*|0003*|001*|003*|1000|1000_*|102*|103*|104*|105*|106*|107*|2*|3*|5*|9*
replace_list;AGR_1251;130;ZH_PM_WORK_ORDER_MAINT_97;I_KOSTL;T-BD09095500;KOSTL;0000001000|0001*|0002*|0003*|001*|003*|1000|1000_*|102*|103*|104*|105*|106*|107*|2*|3*|5*|9*
replace_list;AGR_1251;130;ZH_PP_DISPLAY_97;I_KOSTL;T-BD09092300;KOSTL;0000001000|0001*|0002*|0003*|001*|003*|1000|1000_*|102*|103*|104*|105*|106*|107*|2*|3*|5*|9*
replace_list;AGR_1251;130;ZH_PP_DISPLAY_97;K_REPO_CCA;T-BD09092300;KOSTL;0000001000|0001*|0002*|0003*|001*|003*|1000|1000_*|102*|103*|104*|105*|106*|107*|2*|3*|5*|9*
replace_list;AGR_1251;130;ZH_PP_PLANNING_97;K_REPO_CCA;T-BD09092502;KOSTL;0000001000|0001*|0002*|0003*|001*|003*|1000|1000_*|102*|103*|104*|105*|106*|107*|2*|3*|5*|9*
replace_list;AGR_1251;130;ZH_PP_PLANNING_97;K_REPO_CCA;T-BD09092500;KOSTL;0000001000|0001*|0002*|0003*|001*|003*|1000|1000_*|102*|103*|104*|105*|106*|107*|2*|3*|5*|9*
replace_list;AGR_1251;130;ZH_PP_PLANNING_97;K_REPO_CCA;T-BD09092501;KOSTL;0000001000|0001*|0002*|0003*|001*|003*|1000|1000_*|102*|103*|104*|105*|106*|107*|2*|3*|5*|9*
replace_list;AGR_1251;130;ZH_PP_PLANNING_97;I_KOSTL;T-BD09092500;KOSTL;0000001000|0001*|0002*|0003*|001*|003*|1000|1000_*|102*|103*|104*|105*|106*|107*|2*|3*|5*|9*
replace_list;AGR_1251;130;ZH_PP_PROC_ORDERS_CONFIRM_97;K_REPO_CCA;T-BD09092600;KOSTL;0000001000|0001*|0002*|0003*|001*|003*|1000|1000_*|102*|103*|104*|105*|106*|107*|2*|3*|5*|9*
replace_list;AGR_1251;130;YH_MM_WAREHOUSE_SUPV_97;A_IMA_REQU;T-BD09093900;RESPAREA;KS10000000001000|KS10000001*|KS10000002*|KS10000003*|KS1000001*|KS1000003*|KS10001000|KS10001000_*|KS1000102*|KS1000103*|KS1000104*|KS1000105*|KS1000106*|KS1000107*|KS10002*|KS10003*|KS10005*|KS10009*|HI10001000|HI10001000_*|HI1000102*|HI1000103*|HI1000104*|HI1000105*|HI1000106*
replace_list;AGR_1251;130;ZH_FI_DISPLAY_97;A_IMA_REQU;T-BD09091200;RESPAREA;KS10000000001000|KS10000001*|KS10000002*|KS10000003*|KS1000001*|KS1000003*|KS10001000|KS10001000_*|KS1000102*|KS1000103*|KS1000104*|KS1000105*|KS1000106*|KS1000107*|KS10002*|KS10003*|KS10005*|KS10009*|HI10001000|HI10001000_*|HI1000102*|HI1000103*|HI1000104*|HI1000105*|HI1000106*
replace_list;AGR_1251;130;ZH_IM_DISPLAY_97;A_IMA_REQU;T-BD09095100;RESPAREA;KS10000000001000|KS10000001*|KS10000002*|KS10000003*|KS1000001*|KS1000003*|KS10001000|KS10001000_*|KS1000102*|KS1000103*|KS1000104*|KS1000105*|KS1000106*|KS1000107*|KS10002*|KS10003*|KS10005*|KS10009*|HI10001000|HI10001000_*|HI1000102*|HI1000103*|HI1000104*|HI1000105*|HI1000106*
replace_list;AGR_1251;130;YH_MM_WAREHOUSE_SUPV_97;A_IMA_RESP;T-BD09093900;RESPAREA;KS10000000001000|KS10000001*|KS10000002*|KS10000003*|KS1000001*|KS1000003*|KS10001000|KS10001000_*|KS1000102*|KS1000103*|KS1000104*|KS1000105*|KS1000106*|KS1000107*|KS10002*|KS10003*|KS10005*|KS10009*|HI10001000|HI10001000_*|HI1000102*|HI1000103*|HI1000104*|HI1000105*|HI1000106*
replace_list;AGR_1251;130;ZH_FI_DISPLAY_97;A_IMA_RESP;T-BD09091200;RESPAREA;KS10000000001000|KS10000001*|KS10000002*|KS10000003*|KS1000001*|KS1000003*|KS10001000|KS10001000_*|KS1000102*|KS1000103*|KS1000104*|KS1000105*|KS1000106*|KS1000107*|KS10002*|KS10003*|KS10005*|KS10009*|HI10001000|HI10001000_*|HI1000102*|HI1000103*|HI1000104*|HI1000105*|HI1000106*
replace_list;AGR_1251;130;ZH_IM_DISPLAY_97;A_IMA_RESP;T-BD09095100;RESPAREA;KS10000000001000|KS10000001*|KS10000002*|KS10000003*|KS1000001*|KS1000003*|KS10001000|KS10001000_*|KS1000102*|KS1000103*|KS1000104*|KS1000105*|KS1000106*|KS1000107*|KS10002*|KS10003*|KS10005*|KS10009*|HI10001000|HI10001000_*|HI1000102*|HI1000103*|HI1000104*|HI1000105*|HI1000106*
replace_list;AGR_1251;130;ZH_CO_DISPLAY_97;K_CCA;T-BD09091100;RESPAREA;KS10000000001000|KS10000001*|KS10000002*|KS10000003*|KS1000001*|KS1000003*|KS10001000|KS10001000_*|KS1000102*|KS1000103*|KS1000104*|KS1000105*|KS1000106*|KS1000107*|KS10002*|KS10003*|KS10005*|KS10009*|HI10001000|HI10001000_*|HI1000102*|HI1000103*|HI1000104*|HI1000105*|HI1000106*
replace_list;AGR_1251;130;ZH_CO_DISPLAY_97;K_CCA;T-BD09091101;RESPAREA;KS10000000001000|KS10000001*|KS10000002*|KS10000003*|KS1000001*|KS1000003*|KS10001000|KS10001000_*|KS1000102*|KS1000103*|KS1000104*|KS1000105*|KS1000106*|KS1000107*|KS10002*|KS10003*|KS10005*|KS10009*|HI10001000|HI10001000_*|HI1000102*|HI1000103*|HI1000104*|HI1000105*|HI1000106*
replace_list;AGR_1251;130;ZH_FI_DISPLAY_97;K_CCA;T-BD09091200;RESPAREA;KS10000000001000|KS10000001*|KS10000002*|KS10000003*|KS1000001*|KS1000003*|KS10001000|KS10001000_*|KS1000102*|KS1000103*|KS1000104*|KS1000105*|KS1000106*|KS1000107*|KS10002*|KS10003*|KS10005*|KS10009*|HI10001000|HI10001000_*|HI1000102*|HI1000103*|HI1000104*|HI1000105*|HI1000106*
replace_list;AGR_1251;130;ZH_FI_DISPLAY_97;K_CCA;T-BD09091205;RESPAREA;KS10000000001000|KS10000001*|KS10000002*|KS10000003*|KS1000001*|KS1000003*|KS10001000|KS10001000_*|KS1000102*|KS1000103*|KS1000104*|KS1000105*|KS1000106*|KS1000107*|KS10002*|KS10003*|KS10005*|KS10009*|HI10001000|HI10001000_*|HI1000102*|HI1000103*|HI1000104*|HI1000105*|HI1000106*
replace_list;AGR_1251;130;ZH_FI_DISPLAY_97;K_CCA;T-BD09091201;RESPAREA;KS10000000001000|KS10000001*|KS10000002*|KS10000003*|KS1000001*|KS1000003*|KS10001000|KS10001000_*|KS1000102*|KS1000103*|KS1000104*|KS1000105*|KS1000106*|KS1000107*|KS10002*|KS10003*|KS10005*|KS10009*|HI10001000|HI10001000_*|HI1000102*|HI1000103*|HI1000104*|HI1000105*|HI1000106*
replace_list;AGR_1251;130;ZH_FI_DISPLAY_97;K_CCA;T-BD09091203;RESPAREA;KS10000000001000|KS10000001*|KS10000002*|KS10000003*|KS1000001*|KS1000003*|KS10001000|KS10001000_*|KS1000102*|KS1000103*|KS1000104*|KS1000105*|KS1000106*|KS1000107*|KS10002*|KS10003*|KS10005*|KS10009*|HI10001000|HI10001000_*|HI1000102*|HI1000103*|HI1000104*|HI1000105*|HI1000106*
replace_list;AGR_1251;130;ZH_FI_DISPLAY_97;K_CCA;T-BD09091202;RESPAREA;KS10000000001000|KS10000001*|KS10000002*|KS10000003*|KS1000001*|KS1000003*|KS10001000|KS10001000_*|KS1000102*|KS1000103*|KS1000104*|KS1000105*|KS1000106*|KS1000107*|KS10002*|KS10003*|KS10005*|KS10009*|HI10001000|HI10001000_*|HI1000102*|HI1000103*|HI1000104*|HI1000105*|HI1000106*
replace_list;AGR_1251;130;ZH_PP_DISPLAY_97;K_CCA;T-BD09092300;RESPAREA;KS10000000001000|KS10000001*|KS10000002*|KS10000003*|KS1000001*|KS1000003*|KS10001000|KS10001000_*|KS1000102*|KS1000103*|KS1000104*|KS1000105*|KS1000106*|KS1000107*|KS10002*|KS10003*|KS10005*|KS10009*|HI10001000|HI10001000_*|HI1000102*|HI1000103*|HI1000104*|HI1000105*|HI1000106*
replace_list;AGR_1251;130;ZH_PP_PLANNING_97;K_CCA;T-BD09092500;RESPAREA;KS10000000001000|KS10000001*|KS10000002*|KS10000003*|KS1000001*|KS1000003*|KS10001000|KS10001000_*|KS1000102*|KS1000103*|KS1000104*|KS1000105*|KS1000106*|KS1000107*|KS10002*|KS10003*|KS10005*|KS10009*|HI10001000|HI10001000_*|HI1000102*|HI1000103*|HI1000104*|HI1000105*|HI1000106*
replace_list;AGR_1251;130;ZH_PP_PROC_ORDERS_CONFIRM_97;K_CCA;T-BD09092600;RESPAREA;KS10000000001000|KS10000001*|KS10000002*|KS10000003*|KS1000001*|KS1000003*|KS10001000|KS10001000_*|KS1000102*|KS1000103*|KS1000104*|KS1000105*|KS1000106*|KS1000107*|KS10002*|KS10003*|KS10005*|KS10009*|HI10001000|HI10001000_*|HI1000102*|HI1000103*|HI1000104*|HI1000105*|HI1000106*
replace_list;AGR_1251;130;YH_MM_WAREHOUSE_SUPV_97;K_ORDER;T-BD09093900;RESPAREA;OR*|KS10000000001000|KS10000001*|KS10000002*|KS10000003*|KS1000001*|KS1000003*|KS10001000|KS10001000_*|KS1000102*|KS1000103*|KS1000104*|KS1000105*|KS1000106*|KS1000107*|KS10002*|KS10003*|KS10005*|KS10009*|HI10001000|HI10001000_*|HI1000102*|HI1000103*|HI1000104*|HI1000105*
replace_list;AGR_1251;130;ZH_CO_DISPLAY_97;K_ORDER;T-BD09091101;RESPAREA;OR*|KS10000000001000|KS10000001*|KS10000002*|KS10000003*|KS1000001*|KS1000003*|KS10001000|KS10001000_*|KS1000102*|KS1000103*|KS1000104*|KS1000105*|KS1000106*|KS1000107*|KS10002*|KS10003*|KS10005*|KS10009*|HI10001000|HI10001000_*|HI1000102*|HI1000103*|HI1000104*|HI1000105*
replace_list;AGR_1251;130;ZH_CO_DISPLAY_97;K_ORDER;T-BD09091100;RESPAREA;OR*|KS10000000001000|KS10000001*|KS10000002*|KS10000003*|KS1000001*|KS1000003*|KS10001000|KS10001000_*|KS1000102*|KS1000103*|KS1000104*|KS1000105*|KS1000106*|KS1000107*|KS10002*|KS10003*|KS10005*|KS10009*|HI10001000|HI10001000_*|HI1000102*|HI1000103*|HI1000104*|HI1000105*
replace_list;AGR_1251;130;ZH_FI_DISPLAY_97;K_ORDER;T-BD09091200;RESPAREA;OR*|KS10000000001000|KS10000001*|KS10000002*|KS10000003*|KS1000001*|KS1000003*|KS10001000|KS10001000_*|KS1000102*|KS1000103*|KS1000104*|KS1000105*|KS1000106*|KS1000107*|KS10002*|KS10003*|KS10005*|KS10009*|HI10001000|HI10001000_*|HI1000102*|HI1000103*|HI1000104*|HI1000105*
replace_list;AGR_1251;130;ZH_FI_DISPLAY_97;K_ORDER;T-BD09091201;RESPAREA;OR*|KS10000000001000|KS10000001*|KS10000002*|KS10000003*|KS1000001*|KS1000003*|KS10001000|KS10001000_*|KS1000102*|KS1000103*|KS1000104*|KS1000105*|KS1000106*|KS1000107*|KS10002*|KS10003*|KS10005*|KS10009*|HI10001000|HI10001000_*|HI1000102*|HI1000103*|HI1000104*|HI1000105*
replace_list;AGR_1251;130;YH_MM_WAREHOUSE_SUPV_97;K_PCA;T-BD09093900;RESPAREA;PC1000*|PH1000*
replace_list;AGR_1251;130;ZH_FI_DISPLAY_97;K_PCA;T-BD09091201;RESPAREA;PC1000*|PH1000*
replace_list;AGR_1251;130;ZH_FI_DISPLAY_97;K_PCA;T-BD09091200;RESPAREA;PC1000*|PH1000*
replace_list;AGR_1251;130;YH_MM_WAREHOUSE_SUPV_01;V_VBRK_FKA;T-BD08770900;FKART;ZCT|ZDT|ZF8|F8|F5
replace_list;AGR_1251;130;YH_MM_WAREHOUSE_SUPV_02;V_VBRK_FKA;T-BD08771000;FKART;ZCT|ZDT|ZF8|F8|F5
replace_list;AGR_1251;130;YH_MM_WAREHOUSE_SUPV_03;V_VBRK_FKA;T-BD08771100;FKART;ZCT|ZDT|ZF8|F8|F5
replace_list;AGR_1251;130;YH_MM_WAREHOUSE_SUPV_04;V_VBRK_FKA;T-BD08771200;FKART;ZCT|ZDT|ZF8|F8|F5
replace_list;AGR_1251;130;YH_MM_WAREHOUSE_SUPV_05;V_VBRK_FKA;T-BD08771300;FKART;ZCT|ZDT|ZF8|F8|F5
replace_list;AGR_1251;130;YH_MM_WAREHOUSE_SUPV_06;V_VBRK_FKA;T-BD08771400;FKART;ZCT|ZDT|ZF8|F8|F5
replace_list;AGR_1251;130;YH_MM_WAREHOUSE_SUPV_07;V_VBRK_FKA;T-BD08771500;FKART;ZCT|ZDT|ZF8|F8|F5
replace_list;AGR_1251;130;YH_MM_WAREHOUSE_SUPV_08;V_VBRK_FKA;T-BD08771600;FKART;ZCT|ZDT|ZF8|F8|F5
replace_list;AGR_1251;130;YH_MM_WAREHOUSE_SUPV_09;V_VBRK_FKA;T-BD08771700;FKART;ZCT|ZDT|ZF8|F8|F5
replace_list;AGR_1251;130;YH_MM_WAREHOUSE_SUPV_10;V_VBRK_FKA;T-BD08771800;FKART;ZCT|ZDT|ZF8|F8|F5
replace_list;AGR_1251;130;YH_MM_WAREHOUSE_SUPV_11;V_VBRK_FKA;T-BD08771900;FKART;ZCT|ZDT|ZF8|F8|F5
replace_list;AGR_1251;130;YH_MM_WAREHOUSE_SUPV_12;V_VBRK_FKA;T-BD08772000;FKART;ZCT|ZDT|ZF8|F8|F5
replace_list;AGR_1251;130;YH_MM_WAREHOUSE_SUPV_13;V_VBRK_FKA;T-BD08772100;FKART;ZCT|ZDT|ZF8|F8|F5
replace_list;AGR_1251;130;YH_MM_WAREHOUSE_SUPV_14;V_VBRK_FKA;T-BD08772200;FKART;ZCT|ZDT|ZF8|F8|F5
replace_list;AGR_1251;130;YH_MM_WAREHOUSE_SUPV_15;V_VBRK_FKA;T-BD08772300;FKART;ZCT|ZDT|ZF8|F8|F5
replace_list;AGR_1251;130;YH_MM_WAREHOUSE_SUPV_16;V_VBRK_FKA;T-BD08772400;FKART;ZCT|ZDT|ZF8|F8|F5
replace_list;AGR_1251;130;YH_MM_WAREHOUSE_SUPV_17;V_VBRK_FKA;T-BD08772500;FKART;ZCT|ZDT|ZF8|F8|F5
replace_list;AGR_1251;130;YH_MM_WAREHOUSE_SUPV_18;V_VBRK_FKA;T-BD08772600;FKART;ZCT|ZDT|ZF8|F8|F5
replace_list;AGR_1251;130;YH_MM_WAREHOUSE_SUPV_19;V_VBRK_FKA;T-BD08772700;FKART;ZCT|ZDT|ZF8|F8|F5
replace_list;AGR_1251;130;YH_MM_WAREHOUSE_SUPV_20;V_VBRK_FKA;T-BD08772800;FKART;ZCT|ZDT|ZF8|F8|F5
replace_list;AGR_1251;130;YH_MM_WAREHOUSE_SUPV_21;V_VBRK_FKA;T-BD08772900;FKART;ZCT|ZDT|ZF8|F8|F5
replace_list;AGR_1251;130;YH_MM_WAREHOUSE_SUPV_22;V_VBRK_FKA;T-BD08773000;FKART;ZCT|ZDT|ZF8|F8|F5
replace_list;AGR_1251;130;YH_MM_WAREHOUSE_SUPV_23;V_VBRK_FKA;T-BD08773100;FKART;ZCT|ZDT|ZF8|F8|F5
replace_list;AGR_1251;130;YH_MM_WAREHOUSE_SUPV_24;V_VBRK_FKA;T-BD08773200;FKART;ZCT|ZDT|ZF8|F8|F5
replace_list;AGR_1251;130;YH_MM_WAREHOUSE_SUPV_25;V_VBRK_FKA;T-BD08773300;FKART;ZCT|ZDT|ZF8|F8|F5
replace_list;AGR_1251;130;YH_MM_WAREHOUSE_SUPV_26;V_VBRK_FKA;T-BD08773400;FKART;ZCT|ZDT|ZF8|F8|F5
replace_list;AGR_1251;130;YH_MM_WAREHOUSE_SUPV_27;V_VBRK_FKA;T-BD08773500;FKART;ZCT|ZDT|ZF8|F8|F5
replace_list;AGR_1251;130;YH_MM_WAREHOUSE_SUPV_28;V_VBRK_FKA;T-BD08773600;FKART;ZCT|ZDT|ZF8|F8|F5
replace_list;AGR_1251;130;YH_MM_WAREHOUSE_SUPV_97;V_VBRK_FKA;T-BD09093900;FKART;ZCT|ZDT|ZF8|F8|F5
replace_list;AGR_1251;130;YH_MM_WAREHOUSE_SUPV_99;V_VBRK_FKA;T-BD08330700;FKART;ZCT|ZDT|ZF8|F8|F5
replace_list;AGR_1251;130;YH_WM_TRANSPORTATION_CLERK_01;V_VBRK_FKA;T-BD08779100;FKART;ZCT|ZDT|ZF8|F8|F5
replace_list;AGR_1251;130;YH_WM_TRANSPORTATION_CLERK_02;V_VBRK_FKA;T-BD08779200;FKART;ZCT|ZDT|ZF8|F8|F5
replace_list;AGR_1251;130;YH_WM_TRANSPORTATION_CLERK_03;V_VBRK_FKA;T-BD08779300;FKART;ZCT|ZDT|ZF8|F8|F5
replace_list;AGR_1251;130;YH_WM_TRANSPORTATION_CLERK_04;V_VBRK_FKA;T-BD08779400;FKART;ZCT|ZDT|ZF8|F8|F5
replace_list;AGR_1251;130;YH_WM_TRANSPORTATION_CLERK_05;V_VBRK_FKA;T-BD08779500;FKART;ZCT|ZDT|ZF8|F8|F5
replace_list;AGR_1251;130;YH_WM_TRANSPORTATION_CLERK_06;V_VBRK_FKA;T-BD08779600;FKART;ZCT|ZDT|ZF8|F8|F5
replace_list;AGR_1251;130;YH_WM_TRANSPORTATION_CLERK_07;V_VBRK_FKA;T-BD08779700;FKART;ZCT|ZDT|ZF8|F8|F5
replace_list;AGR_1251;130;YH_WM_TRANSPORTATION_CLERK_08;V_VBRK_FKA;T-BD08779800;FKART;ZCT|ZDT|ZF8|F8|F5
replace_list;AGR_1251;130;YH_WM_TRANSPORTATION_CLERK_09;V_VBRK_FKA;T-BD08779900;FKART;ZCT|ZDT|ZF8|F8|F5
replace_list;AGR_1251;130;YH_WM_TRANSPORTATION_CLERK_10;V_VBRK_FKA;T-BD08780000;FKART;ZCT|ZDT|ZF8|F8|F5
replace_list;AGR_1251;130;YH_WM_TRANSPORTATION_CLERK_11;V_VBRK_FKA;T-BD08780100;FKART;ZCT|ZDT|ZF8|F8|F5
replace_list;AGR_1251;130;YH_WM_TRANSPORTATION_CLERK_12;V_VBRK_FKA;T-BD08780200;FKART;ZCT|ZDT|ZF8|F8|F5
replace_list;AGR_1251;130;YH_WM_TRANSPORTATION_CLERK_13;V_VBRK_FKA;T-BD08780300;FKART;ZCT|ZDT|ZF8|F8|F5
replace_list;AGR_1251;130;YH_WM_TRANSPORTATION_CLERK_14;V_VBRK_FKA;T-BD08780400;FKART;ZCT|ZDT|ZF8|F8|F5
replace_list;AGR_1251;130;YH_WM_TRANSPORTATION_CLERK_15;V_VBRK_FKA;T-BD08780500;FKART;ZCT|ZDT|ZF8|F8|F5
replace_list;AGR_1251;130;YH_WM_TRANSPORTATION_CLERK_16;V_VBRK_FKA;T-BD08780600;FKART;ZCT|ZDT|ZF8|F8|F5
replace_list;AGR_1251;130;YH_WM_TRANSPORTATION_CLERK_17;V_VBRK_FKA;T-BD08780700;FKART;ZCT|ZDT|ZF8|F8|F5
replace_list;AGR_1251;130;YH_WM_TRANSPORTATION_CLERK_18;V_VBRK_FKA;T-BD08780800;FKART;ZCT|ZDT|ZF8|F8|F5
replace_list;AGR_1251;130;YH_WM_TRANSPORTATION_CLERK_19;V_VBRK_FKA;T-BD08780900;FKART;ZCT|ZDT|ZF8|F8|F5
replace_list;AGR_1251;130;YH_WM_TRANSPORTATION_CLERK_20;V_VBRK_FKA;T-BD08781000;FKART;ZCT|ZDT|ZF8|F8|F5
replace_list;AGR_1251;130;YH_WM_TRANSPORTATION_CLERK_21;V_VBRK_FKA;T-BD08781100;FKART;ZCT|ZDT|ZF8|F8|F5
replace_list;AGR_1251;130;YH_WM_TRANSPORTATION_CLERK_22;V_VBRK_FKA;T-BD08781200;FKART;ZCT|ZDT|ZF8|F8|F5
replace_list;AGR_1251;130;YH_WM_TRANSPORTATION_CLERK_23;V_VBRK_FKA;T-BD08781300;FKART;ZCT|ZDT|ZF8|F8|F5
replace_list;AGR_1251;130;YH_WM_TRANSPORTATION_CLERK_24;V_VBRK_FKA;T-BD08781400;FKART;ZCT|ZDT|ZF8|F8|F5
replace_list;AGR_1251;130;YH_WM_TRANSPORTATION_CLERK_25;V_VBRK_FKA;T-BD08781500;FKART;ZCT|ZDT|ZF8|F8|F5
replace_list;AGR_1251;130;YH_WM_TRANSPORTATION_CLERK_26;V_VBRK_FKA;T-BD08781600;FKART;ZCT|ZDT|ZF8|F8|F5
replace_list;AGR_1251;130;YH_WM_TRANSPORTATION_CLERK_27;V_VBRK_FKA;T-BD08781700;FKART;ZCT|ZDT|ZF8|F8|F5
replace_list;AGR_1251;130;YH_WM_TRANSPORTATION_CLERK_28;V_VBRK_FKA;T-BD08781800;FKART;ZCT|ZDT|ZF8|F8|F5
replace_list;AGR_1251;130;YH_WM_TRANSPORTATION_CLERK_97;V_VBRK_FKA;T-BD09090400;FKART;ZCT|ZDT|ZF8|F8|F5
replace_list;AGR_1251;130;YH_WM_TRANSPORTATION_CLERK_99;V_VBRK_FKA;T-BD08567800;FKART;ZCT|ZDT|ZF8|F8|F5
