ACTION;TABLE;MANDT;AGR_NAME;OBJECT;AUTH;FIELD;LOW;HIGH
replace_list;AGR_1251;100;YH_MM_WAREHOUSE_SUPV_01;M_MSEG_LGO;T-BD08770900;ACTVT;01|02|03;
replace_list;AGR_1251;100;YH_MM_WAREHOUSE_SUPV_01;M_MSEG_LGO;T-BD08770900;BWART;309|343|344|412|601|602;
replace_list;AGR_1251;100;YH_MM_WAREHOUSE_SUPV_01;M_MSEG_LGO;T-BD08770901;BWART;309|343|344|412|601|602;
replace_list;AGR_1251;100;YH_MM_WAREHOUSE_SUPV_01;M_MSEG_LGO;T-BD08770901;ACTVT;01|02|03;
replace_list;AGR_1251;100;YH_MM_WAREHOUSE_SUPV_02;M_MSEG_LGO;T-BD08771000;ACTVT;01|02|03;
replace_list;AGR_1251;100;YH_MM_WAREHOUSE_SUPV_02;M_MSEG_LGO;T-BD08771000;BWART;309|343|344|412|601|602;
replace_list;AGR_1251;100;YH_MM_WAREHOUSE_SUPV_02;M_MSEG_LGO;T-BD08771001;BWART;309|343|344|412|601|602;
replace_list;AGR_1251;100;YH_MM_WAREHOUSE_SUPV_02;M_MSEG_LGO;T-BD08771001;ACTVT;01|02|03;
replace_list;AGR_1251;100;YH_MM_WAREHOUSE_SUPV_03;M_MSEG_LGO;T-BD08771100;ACTVT;01|02|03;
replace_list;AGR_1251;100;YH_MM_WAREHOUSE_SUPV_03;M_MSEG_LGO;T-BD08771100;BWART;309|343|344|412|601|602;
replace_list;AGR_1251;100;YH_MM_WAREHOUSE_SUPV_03;M_MSEG_LGO;T-BD08771101;BWART;309|343|344|412|601|602;
replace_list;AGR_1251;100;YH_MM_WAREHOUSE_SUPV_03;M_MSEG_LGO;T-BD08771101;ACTVT;01|02|03;
replace_list;AGR_1251;100;YH_MM_WAREHOUSE_SUPV_04;M_MSEG_LGO;T-BD08771200;ACTVT;01|02|03;
replace_list;AGR_1251;100;YH_MM_WAREHOUSE_SUPV_04;M_MSEG_LGO;T-BD08771200;BWART;309|343|344|412|601|602;
replace_list;AGR_1251;100;YH_MM_WAREHOUSE_SUPV_04;M_MSEG_LGO;T-BD08771201;BWART;309|343|344|412|601|602;
replace_list;AGR_1251;100;YH_MM_WAREHOUSE_SUPV_04;M_MSEG_LGO;T-BD08771201;ACTVT;01|02|03;
replace_list;AGR_1251;100;YH_MM_WAREHOUSE_SUPV_05;M_MSEG_LGO;T-BD08771300;ACTVT;01|02|03;
replace_list;AGR_1251;100;YH_MM_WAREHOUSE_SUPV_05;M_MSEG_LGO;T-BD08771300;BWART;309|343|344|412|601|602;
replace_list;AGR_1251;100;YH_MM_WAREHOUSE_SUPV_05;M_MSEG_LGO;T-BD08771301;BWART;309|343|344|412|601|602;
replace_list;AGR_1251;100;YH_MM_WAREHOUSE_SUPV_05;M_MSEG_LGO;T-BD08771301;ACTVT;01|02|03;
replace_list;AGR_1251;100;YH_MM_WAREHOUSE_SUPV_06;M_MSEG_LGO;T-BD08771400;ACTVT;01|02|03;
replace_list;AGR_1251;100;YH_MM_WAREHOUSE_SUPV_06;M_MSEG_LGO;T-BD08771400;BWART;309|343|344|412|601|602;
replace_list;AGR_1251;100;YH_MM_WAREHOUSE_SUPV_06;M_MSEG_LGO;T-BD08771401;BWART;309|343|344|412|601|602;
replace_list;AGR_1251;100;YH_MM_WAREHOUSE_SUPV_06;M_MSEG_LGO;T-BD08771401;ACTVT;01|02|03;
replace_list;AGR_1251;100;YH_MM_WAREHOUSE_SUPV_07;M_MSEG_LGO;T-BD08771500;ACTVT;01|02|03;
replace_list;AGR_1251;100;YH_MM_WAREHOUSE_SUPV_07;M_MSEG_LGO;T-BD08771500;BWART;309|343|344|412|601|602;
replace_list;AGR_1251;100;YH_MM_WAREHOUSE_SUPV_07;M_MSEG_LGO;T-BD08771501;BWART;309|343|344|412|601|602;
replace_list;AGR_1251;100;YH_MM_WAREHOUSE_SUPV_07;M_MSEG_LGO;T-BD08771501;ACTVT;01|02|03;
replace_list;AGR_1251;100;YH_MM_WAREHOUSE_SUPV_08;M_MSEG_LGO;T-BD08771600;ACTVT;01|02|03;
replace_list;AGR_1251;100;YH_MM_WAREHOUSE_SUPV_08;M_MSEG_LGO;T-BD08771600;BWART;309|343|344|412|601|602;
replace_list;AGR_1251;100;YH_MM_WAREHOUSE_SUPV_08;M_MSEG_LGO;T-BD08771601;BWART;309|343|344|412|601|602;
replace_list;AGR_1251;100;YH_MM_WAREHOUSE_SUPV_08;M_MSEG_LGO;T-BD08771601;ACTVT;01|02|03;
replace_list;AGR_1251;100;YH_MM_WAREHOUSE_SUPV_09;M_MSEG_LGO;T-BD08771700;ACTVT;01|02|03;
replace_list;AGR_1251;100;YH_MM_WAREHOUSE_SUPV_09;M_MSEG_LGO;T-BD08771700;BWART;309|343|344|412|601|602;
replace_list;AGR_1251;100;YH_MM_WAREHOUSE_SUPV_09;M_MSEG_LGO;T-BD08771701;BWART;309|343|344|412|601|602;
replace_list;AGR_1251;100;YH_MM_WAREHOUSE_SUPV_09;M_MSEG_LGO;T-BD08771701;ACTVT;01|02|03;
replace_list;AGR_1251;100;YH_MM_WAREHOUSE_SUPV_10;M_MSEG_LGO;T-BD08771800;ACTVT;01|02|03;
replace_list;AGR_1251;100;YH_MM_WAREHOUSE_SUPV_10;M_MSEG_LGO;T-BD08771800;BWART;309|343|344|412|601|602;
replace_list;AGR_1251;100;YH_MM_WAREHOUSE_SUPV_10;M_MSEG_LGO;T-BD08771801;BWART;309|343|344|412|601|602;
replace_list;AGR_1251;100;YH_MM_WAREHOUSE_SUPV_10;M_MSEG_LGO;T-BD08771801;ACTVT;01|02|03;
replace_list;AGR_1251;100;YH_MM_WAREHOUSE_SUPV_11;M_MSEG_LGO;T-BD08771900;ACTVT;01|02|03;
replace_list;AGR_1251;100;YH_MM_WAREHOUSE_SUPV_11;M_MSEG_LGO;T-BD08771900;BWART;309|343|344|412|601|602;
replace_list;AGR_1251;100;YH_MM_WAREHOUSE_SUPV_11;M_MSEG_LGO;T-BD08771901;BWART;309|343|344|412|601|602;
replace_list;AGR_1251;100;YH_MM_WAREHOUSE_SUPV_11;M_MSEG_LGO;T-BD08771901;ACTVT;01|02|03;
replace_list;AGR_1251;100;YH_MM_WAREHOUSE_SUPV_12;M_MSEG_LGO;T-BD08772000;ACTVT;01|02|03;
replace_list;AGR_1251;100;YH_MM_WAREHOUSE_SUPV_12;M_MSEG_LGO;T-BD08772000;BWART;309|343|344|412|601|602;
replace_list;AGR_1251;100;YH_MM_WAREHOUSE_SUPV_12;M_MSEG_LGO;T-BD08772001;BWART;309|343|344|412|601|602;
replace_list;AGR_1251;100;YH_MM_WAREHOUSE_SUPV_12;M_MSEG_LGO;T-BD08772001;ACTVT;01|02|03;
replace_list;AGR_1251;100;YH_MM_WAREHOUSE_SUPV_13;M_MSEG_LGO;T-BD08772100;ACTVT;01|02|03;
replace_list;AGR_1251;100;YH_MM_WAREHOUSE_SUPV_13;M_MSEG_LGO;T-BD08772100;BWART;309|343|344|412|601|602;
replace_list;AGR_1251;100;YH_MM_WAREHOUSE_SUPV_13;M_MSEG_LGO;T-BD08772101;BWART;309|343|344|412|601|602;
replace_list;AGR_1251;100;YH_MM_WAREHOUSE_SUPV_13;M_MSEG_LGO;T-BD08772101;ACTVT;01|02|03;
replace_list;AGR_1251;100;YH_MM_WAREHOUSE_SUPV_14;M_MSEG_LGO;T-BD08772200;ACTVT;01|02|03;
replace_list;AGR_1251;100;YH_MM_WAREHOUSE_SUPV_14;M_MSEG_LGO;T-BD08772200;BWART;309|343|344|412|601|602;
replace_list;AGR_1251;100;YH_MM_WAREHOUSE_SUPV_14;M_MSEG_LGO;T-BD08772201;BWART;309|343|344|412|601|602;
replace_list;AGR_1251;100;YH_MM_WAREHOUSE_SUPV_14;M_MSEG_LGO;T-BD08772201;ACTVT;01|02|03;
replace_list;AGR_1251;100;YH_MM_WAREHOUSE_SUPV_15;M_MSEG_LGO;T-BD08772300;ACTVT;01|02|03;
replace_list;AGR_1251;100;YH_MM_WAREHOUSE_SUPV_15;M_MSEG_LGO;T-BD08772300;BWART;309|343|344|412|601|602;
replace_list;AGR_1251;100;YH_MM_WAREHOUSE_SUPV_15;M_MSEG_LGO;T-BD08772301;BWART;309|343|344|412|601|602;
replace_list;AGR_1251;100;YH_MM_WAREHOUSE_SUPV_15;M_MSEG_LGO;T-BD08772301;ACTVT;01|02|03;
replace_list;AGR_1251;100;YH_MM_WAREHOUSE_SUPV_16;M_MSEG_LGO;T-BD08772400;ACTVT;01|02|03;
replace_list;AGR_1251;100;YH_MM_WAREHOUSE_SUPV_16;M_MSEG_LGO;T-BD08772400;BWART;309|343|344|412|601|602;
replace_list;AGR_1251;100;YH_MM_WAREHOUSE_SUPV_16;M_MSEG_LGO;T-BD08772401;BWART;309|343|344|412|601|602;
replace_list;AGR_1251;100;YH_MM_WAREHOUSE_SUPV_16;M_MSEG_LGO;T-BD08772401;ACTVT;01|02|03;
replace_list;AGR_1251;100;YH_MM_WAREHOUSE_SUPV_17;M_MSEG_LGO;T-BD08772500;ACTVT;01|02|03;
replace_list;AGR_1251;100;YH_MM_WAREHOUSE_SUPV_17;M_MSEG_LGO;T-BD08772500;BWART;309|343|344|412|601|602;
replace_list;AGR_1251;100;YH_MM_WAREHOUSE_SUPV_17;M_MSEG_LGO;T-BD08772501;BWART;309|343|344|412|601|602;
replace_list;AGR_1251;100;YH_MM_WAREHOUSE_SUPV_17;M_MSEG_LGO;T-BD08772501;ACTVT;01|02|03;
replace_list;AGR_1251;100;YH_MM_WAREHOUSE_SUPV_18;M_MSEG_LGO;T-BD08772600;ACTVT;01|02|03;
replace_list;AGR_1251;100;YH_MM_WAREHOUSE_SUPV_18;M_MSEG_LGO;T-BD08772600;BWART;309|343|344|412|601|602;
replace_list;AGR_1251;100;YH_MM_WAREHOUSE_SUPV_18;M_MSEG_LGO;T-BD08772601;BWART;309|343|344|412|601|602;
replace_list;AGR_1251;100;YH_MM_WAREHOUSE_SUPV_18;M_MSEG_LGO;T-BD08772601;ACTVT;01|02|03;
replace_list;AGR_1251;100;YH_MM_WAREHOUSE_SUPV_19;M_MSEG_LGO;T-BD08772700;ACTVT;01|02|03;
replace_list;AGR_1251;100;YH_MM_WAREHOUSE_SUPV_19;M_MSEG_LGO;T-BD08772700;BWART;309|343|344|412|601|602;
replace_list;AGR_1251;100;YH_MM_WAREHOUSE_SUPV_19;M_MSEG_LGO;T-BD08772701;BWART;309|343|344|412|601|602;
replace_list;AGR_1251;100;YH_MM_WAREHOUSE_SUPV_19;M_MSEG_LGO;T-BD08772701;ACTVT;01|02|03;
replace_list;AGR_1251;100;YH_MM_WAREHOUSE_SUPV_20;M_MSEG_LGO;T-BD08772800;ACTVT;01|02|03;
replace_list;AGR_1251;100;YH_MM_WAREHOUSE_SUPV_20;M_MSEG_LGO;T-BD08772800;BWART;309|343|344|412|601|602;
replace_list;AGR_1251;100;YH_MM_WAREHOUSE_SUPV_20;M_MSEG_LGO;T-BD08772801;BWART;309|343|344|412|601|602;
replace_list;AGR_1251;100;YH_MM_WAREHOUSE_SUPV_20;M_MSEG_LGO;T-BD08772801;ACTVT;01|02|03;
replace_list;AGR_1251;100;YH_MM_WAREHOUSE_SUPV_21;M_MSEG_LGO;T-BD08772900;ACTVT;01|02|03;
replace_list;AGR_1251;100;YH_MM_WAREHOUSE_SUPV_21;M_MSEG_LGO;T-BD08772900;BWART;309|343|344|412|601|602;
replace_list;AGR_1251;100;YH_MM_WAREHOUSE_SUPV_21;M_MSEG_LGO;T-BD08772901;BWART;309|343|344|412|601|602;
replace_list;AGR_1251;100;YH_MM_WAREHOUSE_SUPV_21;M_MSEG_LGO;T-BD08772901;ACTVT;01|02|03;
replace_list;AGR_1251;100;YH_MM_WAREHOUSE_SUPV_22;M_MSEG_LGO;T-BD08773000;ACTVT;01|02|03;
replace_list;AGR_1251;100;YH_MM_WAREHOUSE_SUPV_22;M_MSEG_LGO;T-BD08773000;BWART;309|343|344|412|601|602;
replace_list;AGR_1251;100;YH_MM_WAREHOUSE_SUPV_22;M_MSEG_LGO;T-BD08773001;BWART;309|343|344|412|601|602;
replace_list;AGR_1251;100;YH_MM_WAREHOUSE_SUPV_22;M_MSEG_LGO;T-BD08773001;ACTVT;01|02|03;
replace_list;AGR_1251;100;YH_MM_WAREHOUSE_SUPV_23;M_MSEG_LGO;T-BD08773100;ACTVT;01|02|03;
replace_list;AGR_1251;100;YH_MM_WAREHOUSE_SUPV_23;M_MSEG_LGO;T-BD08773100;BWART;309|343|344|412|601|602;
replace_list;AGR_1251;100;YH_MM_WAREHOUSE_SUPV_23;M_MSEG_LGO;T-BD08773101;BWART;309|343|344|412|601|602;
replace_list;AGR_1251;100;YH_MM_WAREHOUSE_SUPV_23;M_MSEG_LGO;T-BD08773101;ACTVT;01|02|03;
replace_list;AGR_1251;100;YH_MM_WAREHOUSE_SUPV_24;M_MSEG_LGO;T-BD08773200;ACTVT;01|02|03;
replace_list;AGR_1251;100;YH_MM_WAREHOUSE_SUPV_24;M_MSEG_LGO;T-BD08773200;BWART;309|343|344|412|601|602;
replace_list;AGR_1251;100;YH_MM_WAREHOUSE_SUPV_24;M_MSEG_LGO;T-BD08773201;BWART;309|343|344|412|601|602;
replace_list;AGR_1251;100;YH_MM_WAREHOUSE_SUPV_24;M_MSEG_LGO;T-BD08773201;ACTVT;01|02|03;
replace_list;AGR_1251;100;YH_MM_WAREHOUSE_SUPV_25;M_MSEG_LGO;T-BD08773300;ACTVT;01|02|03;
replace_list;AGR_1251;100;YH_MM_WAREHOUSE_SUPV_25;M_MSEG_LGO;T-BD08773300;BWART;309|343|344|412|601|602;
replace_list;AGR_1251;100;YH_MM_WAREHOUSE_SUPV_25;M_MSEG_LGO;T-BD08773301;BWART;309|343|344|412|601|602;
replace_list;AGR_1251;100;YH_MM_WAREHOUSE_SUPV_25;M_MSEG_LGO;T-BD08773301;ACTVT;01|02|03;
replace_list;AGR_1251;100;YH_MM_WAREHOUSE_SUPV_26;M_MSEG_LGO;T-BD08773400;ACTVT;01|02|03;
replace_list;AGR_1251;100;YH_MM_WAREHOUSE_SUPV_26;M_MSEG_LGO;T-BD08773400;BWART;309|343|344|412|601|602;
replace_list;AGR_1251;100;YH_MM_WAREHOUSE_SUPV_26;M_MSEG_LGO;T-BD08773401;BWART;309|343|344|412|601|602;
replace_list;AGR_1251;100;YH_MM_WAREHOUSE_SUPV_26;M_MSEG_LGO;T-BD08773401;ACTVT;01|02|03;
replace_list;AGR_1251;100;YH_MM_WAREHOUSE_SUPV_27;M_MSEG_LGO;T-BD08773500;ACTVT;01|02|03;
replace_list;AGR_1251;100;YH_MM_WAREHOUSE_SUPV_27;M_MSEG_LGO;T-BD08773500;BWART;309|343|344|412|601|602;
replace_list;AGR_1251;100;YH_MM_WAREHOUSE_SUPV_27;M_MSEG_LGO;T-BD08773501;BWART;309|343|344|412|601|602;
replace_list;AGR_1251;100;YH_MM_WAREHOUSE_SUPV_27;M_MSEG_LGO;T-BD08773501;ACTVT;01|02|03;
replace_list;AGR_1251;100;YH_MM_WAREHOUSE_SUPV_28;M_MSEG_LGO;T-BD08773600;ACTVT;01|02|03;
replace_list;AGR_1251;100;YH_MM_WAREHOUSE_SUPV_28;M_MSEG_LGO;T-BD08773600;BWART;309|343|344|412|601|602;
replace_list;AGR_1251;100;YH_MM_WAREHOUSE_SUPV_28;M_MSEG_LGO;T-BD08773601;BWART;309|343|344|412|601|602;
replace_list;AGR_1251;100;YH_MM_WAREHOUSE_SUPV_28;M_MSEG_LGO;T-BD08773601;ACTVT;01|02|03;
replace_list;AGR_1251;100;YH_MM_WAREHOUSE_SUPV_97;M_MSEG_LGO;T-BD09093900;ACTVT;01|02|03;
replace_list;AGR_1251;100;YH_MM_WAREHOUSE_SUPV_97;M_MSEG_LGO;T-BD09093900;BWART;309|343|344|412|601|602;
replace_list;AGR_1251;100;YH_MM_WAREHOUSE_SUPV_97;M_MSEG_LGO;T-BD09093901;BWART;309|343|344|412|601|602;
replace_list;AGR_1251;100;YH_MM_WAREHOUSE_SUPV_97;M_MSEG_LGO;T-BD09093901;ACTVT;01|02|03;
replace_list;AGR_1251;100;YH_MM_WAREHOUSE_SUPV_99;M_MSEG_LGO;T-BD08330700;ACTVT;01|02|03;
replace_list;AGR_1251;100;YH_MM_WAREHOUSE_SUPV_99;M_MSEG_LGO;T-BD08330700;BWART;309|343|344|412|601|602;
replace_list;AGR_1251;100;YH_MM_WAREHOUSE_SUPV_99;M_MSEG_LGO;T-BD08330701;BWART;309|343|344|412|601|602;
replace_list;AGR_1251;100;YH_MM_WAREHOUSE_SUPV_99;M_MSEG_LGO;T-BD08330701;ACTVT;01|02|03;
